green,284
red,612
pink,411
beet,1
blue,1007
purple,204
orange,161
white,910
yellow,222
gray,752
ecru,7
monster,2
n cocoa,1
teal,77
tahiti,1
transparent,3
berry,7
desert,1
tan,310
fuchsia,15
brown,123
assorted pre pack  see table   for instr,1
fig,2
oatmeal,3
terracotta,1
maroon,60
alloy,3
cayenne,1
trivor,1
hot,12
floral,7
adult,4
leopard,11
back,1
animal,2
athletic,27
keckley depth,1
smoke,3
castoro,1
cerulean,3
multi,265
clear,3
jacinth,2
raspberry,2
claret,3
magnetic,1
virgo,1
key,1
fallout,1
deep,1
jarvis stripe,1
sterling,1
mega,2
chili,1
cardinal,1
saddle,1
neon,2
black,1955
kansas,1
medium,7
ginger,2
dried,1
sport,3
latte lift,1
midnight austin,2
iridescent,1
light,17
stripe,4
emerald,3
peacock,1
papaya,1
the,4
chambray,3
monochrome,15
faded,9
,7
azure,2
night,2
true,1
clover,1
north pacific,1
light vintage aged destroyed,1
cognac,4
cranberry,2
chalk,1
darla,1
epic,1
beach,3
fatigue,1
adobe,1
crystal,1
bouganville,1
concord,1
bright,4
linden,1
powder,4
pistachio,1
midnight,9
meteor,1
peacoat,1
plaid,1
bailow wash,1
ice marl,1
siesta,1
dun,1
embroidery,1
diran,2
cabernet,3
vespa,2
chartreuse,2
texas,3
iowa,1
ocean,2
tie dye,1
lyle dest,1
blake anonymous,1
sayville,1
georgina,1
sangria,1
mississippi,1
light orchid,1
hickory,1
fuchsia fabric,1
team color,1
deep twilight,1
aluminum,1
platinum,2
pewter,1
street,3
north,1
steel,2
sage,1
pewter fabric,1
egret,1
wake,1
ditsy rue,1
one color,4
raz berry catty shack,1
kent,1
oasis,1
python,1
amaranth,1
east,1
beat mizuna,1
autumn,1
rouge,1
lontra,1
distraction,1
midnight pine,1
tcu,1
oklahoma,2
celestial floral,1
mickey,2
hydrangea,1
jupiter,1
blanched almond,1
animal print,1
michigan,1
wisconsin,1
abyss,2
matte ink,1
walnut,1
deep mulberry,1
putty,1
solitude,1
lavender,2
pumpkin,1
military,2
billabong,1
sunflower,1
tortoise,1
kelly,4
skin  cm,2
sediment,1
skin,1
anthracite,2
raven,1
new,1
scarlet,2
vintage wash,3
bryan,1
turqs,1
distressed,1
kelp,1
morph,1
star,2
endorse,1
spice,4
blakely,1
refraction,1
vineway,1
arizona,1
nero,1
lsu,2
greige,1
printed,1
arden,1
chalkboard,1
watermelon,1
blizzard,1
ice,2
scuba,1
madaket beach floral,1
assassin s,1
bitter rouge combo,1
mushroom metallic,1
eggplant,3
no color,1
georgia,1
ice lagoon,1
creme,1
lotus,1
chestnut,1
nutty,1
surf,1
shale,1
merlot,1
timberwolf,1
snow,1
resident,2
onyx,2
american beauty,1
voyageur,1
nan,2143
eclipse,1
dusty,1
tomato,1
tutti frutti,1
doctor,2
cherry,2
mulberry,1
metallic,1
medieval,2
oxford,1
spruce,1
liam,1
spring,1
deep berry,1
bleach wash,3
orchid,1
tropical,1
medium age,1
paprika,1
slate,1
marvel,2
neutral,2
turmeric,1
dust,1
sugar,1
storm,2
night shade,1
dash,1
griffith,1
madagascar,1
dapple,1
noir slits,1
ash,1
cascade,1
king,1
baltic,1
pattern e,1
minna,1
snake print,1
french,1
castle,1
jake,1
ultra,1
hawaiian,1
berry delight,1
disney,1
lapis,1
conch,1
gravel,1
auburn,1
flower bee,1
rainbow,1
loden,1
grateful,1
lani,1
karnet,1
tye dye,1
vintage,1
matte vegas,1
dots,1
tonal rins,1
